date,open,high,low,close,volume,ticker,return,short_term_return_3,sma_10,sma_20,ema_50,volatility_10,open_sector,high_sector,low_sector,sector_close,volume_sector,return_sector,short_term_return_3_sector,sector_sma_10,sector_sma_20,ema_50_sector,sector_volatility_10,sector_return_1d,vix_level,pe_ratio,eps,revenue_growth,debt_to_equity,roe,used_fallback,news_sentiment,pct_pred,direction,confidence,label,price_1d,price_3d,price_5d,forecast_date,pct_pred_xgboost,pct_pred_lightgbm,pct_pred_catboost,pct_pred_ensemble
2025-05-02,206.09,206.99,202.16,205.35,99547217,AAPL,-0.0373617101068817,-0.0277448984423086,206.767,199.663,213.19834564809352,0.0205153452223573,215.49,217.62,214.91,216.61,4054658.0,0.0167096925604317,0.0359158297465329,204.914,198.955,209.504228838357,0.0177991296416743,0.0167096925604317,,15.0,2.0,0.05,1.0,0.1,False,0.29264375,-0.73916442214723,Down,0.1,Avoid,203.83212585912065,200.82995340304385,197.8719989004325,2025-05-04,,,,
2025-05-05,206.09,206.09,198.22,198.53,21005565,AAPL,-0.0332115899683467,-0.0657411764705881,207.304,200.1705,212.6175741949241,0.0226476756297545,214.75,216.3367,214.64,216.05,952915.0,-0.0025852915377868,0.0289565175977521,207.731,200.639,209.80997052742052,0.0132821811380429,-0.0025852915377868,,15.0,2.0,0.05,1.0,0.1,False,0.06277,-1.7928129625468676,Down,0.05,Avoid,194.9707284254557,188.04247450949663,181.36041499775223,2025-05-05,,,,
2025-05-06,198.125,200.649,197.02,199.735,37293792,AAPL,0.0042485796168738,-0.0636836677292329,207.3395,201.10225,212.1620774802388,0.0195758387739079,,,,,,,,,,,,,24.76,,,,,,False,0.0255142857142857,-1.283978259829367,Down,0.2,Avoid,197.17044602272983,192.13970022236597,187.23731241793092,2025-05-06,-1.3590959,1.5646268764265372,-4.057465724861476,-1.283978259829367
2025-05-06,198.21,200.65,197.02,198.51,49351577,AAPL,-0.001910603851375,-0.0694262141383836,207.217,201.041,212.1099292496229,0.0195301695847388,212.26,215.24,211.61,213.67,3979076.0,-0.0083078065534206,0.0029101149964796,209.793,202.12,209.96795954348576,0.0147591084180467,-0.0083078065534206,24.76,,,,,,False,0.1201937499999999,-0.1968812588824542,Down,0.3,Avoid,198.11917101299244,197.3398199311261,196.56353462076336,2025-05-07,0.4590011,-0.0596234172075676,-0.9900214535426546,-0.1968812588824542
2025-05-08,197.72,200.05,194.68,197.49,48463340,AAPL,0.0063184713375796,-0.0070390668208556,205.294,202.1645,210.9183048364937,0.0163287992404553,217.95,219.94,216.01,217.87,4346536.0,0.0095454334831563,0.0111853708344935,212.814,204.6245,210.4880131962171,0.0087681058142209,0.0095454334831563,22.48,,,,,,False,0.3478,-4.445869638839272,Down,0.05,Avoid,188.70985205025636,172.30326331965318,157.32307681898484,2025-05-09,-3.6812263,-5.195253200997634,-4.461129462010662,-4.445869638839272
2025-05-09,199.0,200.54,197.54,198.53,36453923,AAPL,0.0052660894222491,0.0001007505919097,204.219,202.57,210.4324889605528,0.0163898363652664,218.84,219.24,216.48,217.6,3665223.0,-0.0012392711249827,0.0183928487855105,213.727,205.786,210.7691922609004,0.008426052040617,-0.0012392711249827,21.9,,,,,,False,0.3432588235294118,-3.4090260680125613,Down,0.1,Avoid,191.76206054717463,178.9104787692609,166.9201891245414,2025-05-11,-3.0743136,-3.448194478978249,-3.704570084464952,-3.4090260680125613
2025-05-12,210.97,211.27,206.75,210.79,63194870,AAPL,0.0617538910995818,0.0740891719745222,204.284,203.202,210.47776199533791,0.0268207458217156,226.83,227.78,224.54,227.7,6732705.0,0.0464154411764705,0.0550947592789954,215.68400000000003,207.2535,211.4205984456536,0.015434615834621,0.0464154411764705,18.39,,,,,,False,0.2266739130434782,-0.7071668027839321,Down,0.25,Avoid,209.29936309641172,206.3496386127332,203.44148556243545,2025-05-13,-0.345089,-0.2278339487060232,-1.548577471103216,-0.7071668027839321
2025-05-13,210.43,213.4,209.0,212.93,51909332,AAPL,0.0101522842639594,0.0781811737303155,204.456,203.72250000000005,210.548483906842,0.0269616924985415,228.52,233.38,228.26,232.62,6365028.0,0.0216073781291172,0.0677009225685041,218.036,208.8765,212.20595816681023,0.0158147908020174,0.0216073781291172,18.22,,,,,,False,0.5220529411764706,-1.536229110919896,Down,0.25,Avoid,209.65890735411827,203.2667045169428,197.0693908816012,2025-05-14,-0.74913234,-1.157081189505383,-2.7024738080683006,-1.536229110919896
2025-05-02,191.44,192.88,186.4,189.98,77533090,AMZN,-0.0011566771819138,0.0138214419125888,183.632,180.954,193.04182703926023,0.0248503305223308,200.45,202.58,199.14,201.43,3724511.0,0.0155281068817747,0.0118551263374693,194.242,190.2075,199.36474627798648,0.0170701419772192,0.0155281068817747,,15.0,2.0,0.05,1.0,0.1,False,0.5634842105263158,-0.1947010231137817,Down,0.25,Avoid,189.6101069962884,188.8724801430448,188.1377228276293,2025-05-04,,,,
2025-05-05,191.49,187.88,185.53,187.645,10977480,AMZN,-0.012290767449205,0.0174872573473594,185.6645,181.78625,192.8878105845728,0.0220407076370727,199.81,200.0,198.62,199.76,582217.0,-0.0082907213424019,0.0126736287133732,196.173,191.056,199.42951896685148,0.0134706119917372,-0.0082907213424019,,15.0,2.0,0.05,1.0,0.1,False,0.5995133333333332,-0.3178569906866773,Down,0.2,Avoid,187.048557249826,185.86135322836452,184.6816844341687,2025-05-05,,,,
2025-05-06,184.57,187.93,183.85,185.46,20740738,AMZN,-0.0047759592165279,-0.0249211356466876,186.763,182.2315,192.57020365409497,0.0217566490652253,,,,,,,,,,,,,24.76,,,,,,False,0.0981384615384615,-0.6175510246599667,Down,0.3,Avoid,184.31468986966564,182.0452445537245,179.80374265371887,2025-05-06,-0.9990242,1.530141062744824,-2.383769924364342,-0.6175510246599667
2025-05-06,184.57,187.93,183.85,185.01,29314055,AMZN,-0.0071907700563456,-0.0272870662460568,186.718,182.209,192.53777994542796,0.0219157367079533,196.86,199.0,196.68,197.55,2405829.0,-0.0087309950323648,-0.0040332745147465,197.265,191.8785,199.38231131382267,0.0126907340531492,-0.0087309950323648,24.76,,,,,,False,0.0981384615384615,0.2730259903426585,Up,0.45,Watch,185.51512538473293,186.5295172903172,187.54945586459468,2025-05-07,0.5267375,0.5365528994953681,-0.2442124396253821,0.2730259903426585
2025-05-08,191.43,194.33,188.82,192.08,40651133,AMZN,0.0178580891314716,0.0307485913603435,188.083,183.1605,192.3654320257971,0.0166632419589124,201.01,203.52,199.73,201.42,3231822.0,0.0117032497865285,0.0106879421947914,198.873,193.31,199.48415661165583,0.0104025890417406,0.0117032497865285,22.48,,,,,,False,0.46084,-3.976055549178055,Down,0.15,Avoid,184.4427925011388,170.06728266622267,156.81220307534818,2025-05-09,-3.271104,-5.096834741417747,-3.5602278087500854,-3.976055549178055
2025-05-09,193.38,194.69,191.16,193.06,29663143,AMZN,0.0051020408163264,0.0435111615588348,188.49,183.7525,192.4083855732139,0.0163133524907966,201.96,203.92,201.43,202.41,2579955.0,0.0048153296266877,0.0246013667425968,199.356,194.0365,199.5774043554018,0.0091722966355342,0.0048153296266877,21.9,,,,,,False,0.57139,-2.9985614403740737,Down,0.2,Avoid,187.27097728321385,176.2084889335911,165.79948491058914,2025-05-11,-3.4199512,-3.0331037779910406,-2.5426293426459505,-2.9985614403740737
2025-05-12,210.71,211.66,205.75,208.64,74772611,AMZN,0.0807003004247384,0.1056117852789995,190.584,184.941,193.06361920879945,0.0292513860005742,213.18,213.2,210.39,212.47,4783653.0,0.049701101724223,0.0672057863277915,200.836,195.174,200.07254562287432,0.0174558461901924,0.049701101724223,18.39,,,,,,False,0.4025192307692308,-1.0016654995469785,Down,0.2,Avoid,206.5501251017452,202.43296628854745,198.3978747056877,2025-05-13,-0.39305738,-0.9067735799938856,-1.705165542500733,-1.0016654995469785
2025-05-13,211.08,214.84,210.1,211.37,55280630,AMZN,0.0130847392638038,0.10042690545606,192.982,186.4035,193.71142618236968,0.028912178974498,213.77,216.18,213.07,215.28,5716497.0,0.0132253965265685,0.0687053216838762,202.457,196.4245,200.6543767914717,0.0175520180895276,0.0132253965265685,18.22,,,,,,False,0.5838941176470588,-1.9139148240821315,Down,0.2,Avoid,207.3245582363376,199.4644717642384,191.90237680783048,2025-05-14,-0.94857776,-1.750201099314408,-3.042965611281901,-1.9139148240821315
2025-05-02,185.0,187.58,184.08,185.46,8653580,BA,0.0140521625020504,0.019010989010989,176.423,164.27100000000002,168.64810026408196,0.0205519887131771,133.89,135.11,133.7,134.58,7200072.0,0.0179260267755843,0.0330058335891925,128.90699999999998,125.9995,130.03343840638297,0.0125913833446016,0.0179260267755843,,15.0,2.0,0.05,1.0,0.1,,,0.4877181526662887,Up,0.9,Buy,186.3645220859349,188.1868223288047,190.0269412967086,2025-05-04,,,,
2025-05-05,184.39,187.35,184.39,185.85,1593862,BA,0.0021028793270785,0.0142436149312377,179.074,166.73399999999998,169.29353101356077,0.0183393982695939,133.895,135.26,133.67,135.23,1371146.0,0.0048298409867735,0.0305593659503122,130.18099999999998,126.864,130.2776908757103,0.007289414858933,0.0048298409867735,,15.0,2.0,0.05,1.0,0.1,False,0.44135,-0.0762286747985312,Down,0.35,Avoid,185.70832900788693,185.42531092309807,185.14272415572367,2025-05-05,,,,
2025-05-06,184.71,186.2,183.633,185.9023,3946163,BA,-0.0029909900246701,0.0164705560719558,181.47323,169.116615,169.9968404678998,0.0189713612069627,,,,,,,,,,,,,24.76,,,,,,False,0.0258,-0.4977768273389379,Down,0.35,Avoid,184.9769214291099,183.1399603184088,181.3212416246328,2025-05-06,-2.0824172,1.3584160167107715,-0.76932924904802,-0.4977768273389379
2025-05-06,184.71,186.2,183.63,185.96,4833404,BA,-0.0026815402767349,0.0167860462573132,181.479,169.11950000000002,170.00463457924937,0.0189413579814201,133.24,134.23,132.96,133.47,5384848.0,-0.0087634608243595,0.0095302927161333,131.007,127.63899999999998,130.38650502198243,0.0090819331697227,-0.0087634608243595,24.76,,,,,,False,0.0258,-0.2330287310761304,Down,0.25,Avoid,185.5266597716908,184.6630063836373,183.80337342680164,2025-05-07,-0.055182137,0.0079053647342323,-0.6518094213673746,-0.2330287310761304
2025-05-08,186.76,194.75,186.22,191.7,15287276,BA,0.0330890278077171,0.0281025421001821,184.352,172.972,171.420874988823,0.0122617520120857,135.19,137.35,134.94,136.0,7914977.0,0.0137905329854639,0.0100259933160045,132.501,128.9875,130.75679363054593,0.0074168189658971,0.0137905329854639,22.48,,,,,,False,0.4213,-2.712521537654306,Down,0.35,Avoid,186.50009621231663,176.51960819626757,167.07322253759793,2025-05-09,-1.8606709,-3.32134261782892,-2.9555510709472923,-2.712521537654306
2025-05-09,193.55,195.3,192.18,194.85,7530475,BA,0.0164319248826292,0.0478059797805978,186.042,174.9385,172.3108902546233,0.0125176081598191,136.27,136.56,135.2,136.11,3960814.0,0.0008088235294119,0.0197797257810745,133.211,129.61849999999998,130.9573850443625,0.007350316958957,0.0008088235294119,21.9,,,,,,False,0.4656285714285714,-3.053158604469301,Down,0.15,Avoid,188.9009204591916,177.54212027967594,166.86633604949782,2025-05-11,-2.911935,-2.2830928756406434,-3.964447846748585,-3.053158604469301
2025-05-12,198.16,198.78,193.06,198.53,9255675,BA,0.0188863228124198,0.0698965294244449,187.665,177.023,173.28515129412938,0.0118713197249441,140.31,140.35,138.98,140.3,8278249.0,0.0307839247667327,0.045844204248975,134.297,130.35,131.30707503855294,0.0108073271955283,0.0307839247667327,18.39,,,,,,False,0.2757,-0.6444093103538869,Down,0.35,Avoid,197.2506541961544,194.71664213233447,192.21518365960785,2025-05-13,-0.28782886,0.0342792898574738,-1.6796783582520507,-0.6444093103538869
2025-05-13,200.3,205.73,199.67,203.42,13260455,BA,0.0246310381302572,0.0611371935315596,189.807,179.23000000000002,174.4831090680739,0.0122468876077918,140.75,142.18,140.59,141.28,9690598.0,0.0069850320741267,0.0388235294117647,135.397,131.065,131.6922436712393,0.0108000468866539,0.0069850320741267,18.22,,,,,,False,-0.01026875,-1.4336515977482371,Down,0.3,Avoid,200.5036659198605,194.79582855924983,189.25047903738124,2025-05-14,-0.9366263,-0.7914743181106126,-2.572854160017217,-1.4336515977482371
2025-05-02,40.91,41.23,40.7,41.07,41167027,BAC,0.0224047796863331,0.0270067516879219,39.415000000000006,37.875,40.45742643054476,0.01453064921344,49.49,49.94,49.33,49.76,35019493.0,0.0207179487179487,0.0223957263201148,48.091,47.0265,48.45439219224128,0.0147535147413896,0.0207179487179487,,15.0,2.0,0.05,1.0,0.1,False,0.7096,-0.0826376728766289,Down,0.3,Avoid,41.03606070774957,40.968266239995536,40.90058377348574,2025-05-04,,,,
2025-05-05,40.85,41.395,40.62,41.325,7774265,BAC,0.0062089116143171,0.03623370110331,39.8555,38.22175,40.51824893524422,0.0123118865416484,49.34,49.7297,49.1,49.685,7198887.0,-0.001507234726688,0.0189704675963906,48.4945,47.30075,48.52421280452226,0.0115474261288937,-0.001507234726688,,15.0,2.0,0.05,1.0,0.1,,,-0.2715871108365296,Down,0.25,Avoid,41.21276662644681,40.98921348564189,40.76687297895147,2025-05-05,,,,
2025-05-06,40.65,41.27,40.56,40.81,22026473,BAC,-0.0075389105058364,0.0159322877769478,40.084,38.473,40.51710727549549,0.0096727088094505,,,,,,,,,,,,,24.76,,,,,,,,-0.3158648000218313,Down,0.4,Avoid,40.68109557511109,40.42450693035813,40.16953667202485,2025-05-06,-1.071519,0.9154260786597224,-0.7915014615056729,-0.3158648000218313
2025-05-06,40.65,41.27,40.56,40.84,29262526,BAC,-0.0068093385214006,0.0166791137664925,40.087,38.4745,40.521128448727374,0.0095583264938698,49.0,49.56,48.97,49.16,28699207.0,-0.005663430420712,0.0084102564102563,48.67,47.542,48.53731777246861,0.0090334365169026,-0.005663430420712,24.76,,,,,,,,0.0468000073532863,Up,0.35,Watch,40.85911312300309,40.8973662080244,40.935655106317256,2025-05-07,1.302659,0.2767626131771951,-1.43902162584634,0.0468000073532863
2025-05-08,41.29,42.15,41.25,41.6,41479139,BAC,0.0163694111898362,0.0116731517509729,40.507000000000005,38.992,40.586054991940266,0.0086376581912703,49.84,50.37,49.72,49.84,31108841.0,0.00788675429727,0.0080906148867314,49.002,47.949,48.62810567318717,0.0084052073525133,0.00788675429727,22.48,,,,,,,,-1.6347967618586408,Down,0.75,Avoid,40.919924547066806,39.59294544137264,38.308998515391394,2025-05-09,-0.83690494,-0.7783146417546566,-3.2891707008319164,-1.6347967618586408
2025-05-09,41.73,41.98,41.69,41.79,26016190,BAC,0.0045673076923076,0.0232615083251712,40.717,39.289,40.631598265976464,0.008604484612951,49.96,50.03,49.72,49.85,22011638.0,-0.0002005615724026,0.0140358014646053,49.187,48.147000000000006,48.67563784339369,0.0080596319829401,-0.0002005615724026,21.9,,,,,,,,-2.212787778100667,Down,0.45,Avoid,40.86527598753173,39.07676171776577,37.36652376489371,2025-05-11,-2.2053788,-1.411492099539539,-3.021492463934215,-2.212787778100667
2025-05-12,43.32,43.96,42.94,43.36,44275653,BAC,0.0375687963627662,0.0593696555094063,41.075,39.6595,40.738907391675646,0.0132527061836615,51.11,51.2,50.55,50.87,44274103.0,0.0202567188126754,0.0287158746208289,49.458000000000006,48.3575,48.761268547869406,0.0095696488505193,0.0202567188126754,18.39,,,,,,False,0.5927,-1.1237202446892047,Down,0.15,Avoid,42.87275490190276,41.91462899439624,40.97791540939466,2025-05-13,-0.99166834,-0.5928228975142499,-1.786669493009358,-1.1237202446892047
2025-05-13,43.42,44.49,43.42,44.28,42910714,BAC,0.0212177121771217,0.0644230769230769,41.504000000000005,40.04,40.88449042749243,0.0137407206497822,51.0,51.32,50.91,51.08,33527023.0,0.0041281698447022,0.0244685118331327,49.699,48.554,48.85401664196222,0.0094191414519341,0.0041281698447022,18.22,,,,,,False,0.307575,-2.032594731812248,Down,0.15,Avoid,43.37996705275354,41.63441138173863,39.95909468985681,2025-05-14,-1.6249688,-1.3688784310032418,-3.1039369972673647,-2.032594731812248
2025-05-02,163.41,164.97,161.87,164.03,25600964,GOOGL,0.0169249845009298,0.0241633366633367,158.06300000000002,155.311,163.1123224185463,0.0175191317057528,96.55,97.93,96.41,97.42,3542330.0,0.0155321588658396,0.0210669741117284,93.764,91.8845,95.2746141880248,0.0133780986926832,0.0155321588658396,,15.0,2.0,0.05,1.0,0.1,False,0.3062999999999999,0.1252448128392364,Up,0.75,Buy,164.23543906650022,164.64708942708077,165.05977157483423,2025-05-04,,,,
2025-05-05,163.05,165.28,162.805,164.89,5651587,GOOGL,0.0052429433640186,0.0383501259445842,159.785,156.2755,163.23343358775267,0.0137588264935193,96.38,97.75,96.18,97.67,1079644.0,0.0025662081708068,0.0233654652137469,94.713,92.4065,95.38593672986948,0.0085444342098589,0.0025662081708068,,15.0,2.0,0.05,1.0,0.1,False,0.36005,0.0718993361603118,Up,0.65,Buy,165.00855481539477,165.24592022784708,165.4836270913175,2025-05-05,,,,
2025-05-06,162.14,164.79,161.19,163.7,12535614,GOOGL,-0.0031057791851898,0.0148791072535645,160.94,157.089,163.2582997771898,0.0135538140609349,,,,,,,,,,,,,24.76,,,,,,False,0.1942888888888888,0.3927045236135587,Up,0.85,Buy,164.34285730515538,165.6361554185617,166.9396311571936,2025-05-06,-0.94520956,1.728690447226661,0.3946326863924876,0.3927045236135587
2025-05-06,162.17,164.8,161.19,163.23,19421796,GOOGL,-0.0059679678460509,0.0119652820830749,160.893,157.0655,163.22090372034972,0.0138387353115459,96.7,98.02,96.66,97.63,4088296.0,-0.0002048131080389,0.0177212550818304,95.426,92.9195,95.47896182654334,0.0070842119273208,-0.0002048131080389,24.76,,,,,,False,0.1942888888888888,0.427028378000956,Up,0.55,Buy,163.92703842141094,165.33005763054896,166.7450850045399,2025-05-07,0.19215778,0.7818961772637026,0.3070311815755149,0.427028378000956
2025-05-08,155.0,155.93,152.9,154.28,57201875,GOOGL,0.0191570881226053,-0.0604713476645758,159.996,157.17800000000005,162.43932479338565,0.0269980586521726,98.04,98.62,97.37,97.68,3865182.0,0.0023601847101077,0.0003072196620583,96.369,93.6825,95.64364118161872,0.0049557160759113,0.0023601847101077,22.48,,,,,,False,0.1502312499999999,-2.5298612155292406,Down,0.4,Avoid,150.37693011668148,142.86451906170743,135.7274070623472,2025-05-09,-3.0148559,-2.702451380338647,-1.872276404585256,-2.5298612155292406
2025-05-09,154.17,155.05,152.2,152.75,32115535,GOOGL,-0.0099170339642209,-0.0642038840899343,159.075,157.1745,162.06899320265998,0.026144130873797,98.01,98.09,97.03,97.18,4425933.0,-0.0051187551187551,-0.0046092389634332,96.651,94.0165,95.70723105842876,0.0056597517284212,-0.0051187551187551,21.9,,,,,,False,0.2557217391304348,-1.819368205557457,Down,0.6,Avoid,149.97091506601095,144.56351065602678,139.35107753391026,2025-05-11,-1.5887003,-1.8412675271820904,-2.0281367949956515,-1.819368205557457
2025-05-12,157.49,159.1,156.25,158.46,43835329,GOOGL,0.0373813420621931,0.0467697185889814,158.86,157.2405,161.880585341125,0.0293922301371472,99.5,99.52,98.32,99.2,3341269.0,0.0207861699938258,0.0179579271421241,97.099,94.413,95.84363685762712,0.0080029028351136,0.0207861699938258,18.39,,,,,,False,0.5737249999999999,-0.3223957169663118,Down,0.4,Avoid,157.94913174689518,156.9323309828741,155.92207589455435,2025-05-13,-0.04817659,-0.7065763231689158,-0.212434237376769,-0.3223957169663118
2025-05-13,158.79,160.57,156.16,159.53,41886714,GOOGL,0.0067524927426478,0.0340290381125227,158.797,157.2635,161.7639884928012,0.0294803980381475,99.48,100.58,99.19,100.17,5383840.0,0.0097782258064516,0.0254914004914004,97.575,94.8275,95.9979683708594,0.0081315652484539,0.0097782258064516,18.22,,,,,,False,0.5179916666666666,-0.0664942139168501,Down,0.55,Avoid,159.42392178053845,159.2119769023476,159.0003137926071,2025-05-14,0.5302804,-0.247904449758875,-0.4818586032351143,-0.0664942139168501
2025-05-02,362.08,366.23,361.16,364.52,2282214,HD,0.0173597543957577,0.0153760445682451,357.42,354.004,365.5955673371189,0.0127581062214427,200.45,202.58,199.14,201.43,3724511.0,0.0155281068817747,0.0118551263374693,194.242,190.2075,199.36474627798648,0.0170701419772192,0.0155281068817747,,15.0,2.0,0.05,1.0,0.1,False,0.6486,0.1918477010570959,Up,0.85,Buy,365.2193232398933,366.62199720025296,368.03005831872247,2025-05-04,,,,
2025-05-05,362.13,363.0,359.74,362.96,938881,HD,-0.0042796005706133,0.0068517850703209,359.026,354.457,365.4032326793341,0.0095385748715841,199.81,200.0,198.62,199.76,582217.0,-0.0082907213424019,0.0126736287133732,196.173,191.056,199.42951896685148,0.0134706119917372,-0.0082907213424019,,15.0,2.0,0.05,1.0,0.1,False,0.4997,-0.2583607928668835,Down,0.3,Avoid,362.0222536662104,360.1540230457354,358.2954335056524,2025-05-05,,,,
2025-05-06,358.5,362.095,357.195,359.39,1799412,HD,-0.0064689132778592,0.003042143455205,359.399,355.28950000000003,365.2051201487049,0.0082934745961673,,,,,,,,,,,,,24.76,,,,,,False,-0.0683666666666666,0.186858523206409,Up,0.6,Buy,360.0615508465515,361.40841943443206,362.7603262025592,2025-05-06,-0.7542712,1.5286925877764477,-0.2138458089172605,0.186858523206409
2025-05-06,358.68,362.27,357.13,359.38,2283090,HD,-0.006496558206397,0.0030142338822216,359.398,355.289,365.2557746003922,0.0082964010704313,196.86,199.0,196.68,197.55,2405829.0,-0.0087309950323648,-0.0040332745147465,197.265,191.8785,199.38231131382267,0.0126907340531492,-0.0087309950323648,24.76,,,,,,False,-0.0683666666666666,0.9084788131435289,Up,0.8,Buy,362.6448911586752,369.2639254718595,376.0037711250276,2025-05-07,1.5471638,0.0217903809068876,1.1564822144151172,0.9084788131435289
2025-05-08,364.01,369.31,362.26,364.86,3026297,HD,0.005816678152998,0.0086528626323501,360.553,357.138,365.1639869634026,0.0083434635128865,201.01,203.52,199.73,201.42,3231822.0,0.0117032497865285,0.0106879421947914,198.873,193.31,199.48415661165583,0.0104025890417406,0.0117032497865285,22.48,,,,,,False,0.3354999999999999,-1.9294595057963129,Down,0.6,Avoid,357.8201740471516,344.1453931183203,330.9932200439778,2025-05-09,-2.4495993,-1.5222810781493263,-1.8164981731873648,-1.9294595057963129
2025-05-09,362.13,365.57,361.5,362.71,1970880,HD,-0.0058926711615414,0.0092659580388445,361.066,357.5925,365.0281974889174,0.0083594075344162,201.96,203.92,201.43,202.41,2579955.0,0.0048153296266877,0.0246013667425968,199.356,194.0365,199.5774043554018,0.0091722966355342,0.0048153296266877,21.9,,,,,,,,-1.387861416432247,Down,0.75,Avoid,357.6760878564586,347.81688513083304,338.2294475068879,2025-05-11,-1.9027988,-0.4539380570688041,-1.8068474203697211,-1.387861416432247
2025-05-12,375.0,378.72,373.48,376.59,3807836,HD,0.0382674864216592,0.0381529979324604,363.033,358.729,365.5002594115932,0.014189712692223,213.18,213.2,210.39,212.47,4783653.0,0.049701101724223,0.0672057863277915,200.836,195.174,200.07254562287432,0.0174558461901924,0.049701101724223,18.39,,,,,,,,0.4548208154788731,Up,0.6,Buy,378.3028097090119,381.7518352038138,385.2323058176011,2025-05-13,0.6262174,0.1402874708976852,0.5979575506693967,0.4548208154788731
2025-05-13,381.0,381.0,372.95,373.6,2701802,HD,-0.0079396691361957,0.0239543934659869,364.49300000000005,359.549,365.8373350988114,0.0148054673121301,213.77,216.18,213.07,215.28,5716497.0,0.0132253965265685,0.0687053216838762,202.457,196.4245,200.6543767914717,0.0175520180895276,0.0132253965265685,18.22,,,,,,False,0.2343333333333333,-0.0314174574342939,Down,0.6,Avoid,373.4826243790256,373.24798375479816,373.01349054364687,2025-05-14,0.17585394,-0.2546520562450038,-0.0154542539221814,-0.0314174574342939
2025-05-02,156.07,156.72,155.04,156.12,5973062,JNJ,0.010747118995209,0.0013469309216855,155.757,154.10899999999998,156.6858672274182,0.0081343008229204,138.79,139.01,137.55,138.53,9777008.0,0.0138319672131148,-0.0053848363009764,137.232,136.679,140.8214167831101,0.0149378038714295,0.0138319672131148,,15.0,2.0,0.05,1.0,0.1,False,-0.02555,0.0632099967446166,Up,0.6,Buy,156.21868344691768,156.41623751359282,156.61404140703897,2025-05-04,,,,
2025-05-05,156.67,156.795,154.735,155.05,1247959,JNJ,-0.0068537022802971,-0.0080609046126286,155.57,154.1995,156.618147297918,0.0083237406245618,138.25,138.635,137.61,138.48,1527846.0,-0.0003609326499676,-0.0141667259913149,137.82299999999998,136.839,140.73103901065764,0.012474727772597,-0.0003609326499676,,15.0,2.0,0.05,1.0,0.1,False,0.163375,0.2580893749226911,Up,0.75,Buy,155.45016757581763,156.25360376295936,157.06119246866615,2025-05-05,,,,
2025-05-06,154.82,155.88,153.685,154.42,6358654,JNJ,-0.003741935483871,-0.0002589667227762,155.232,154.387,156.5213306702619,0.0080519920463406,,,,,,,,,,,,,24.76,,,,,,False,0.5190333333333333,-0.0819141985988202,Down,0.45,Avoid,154.2935080945237,154.04083504318783,153.78857577252012,2025-05-06,-1.9411196,1.7652764507302268,-0.0698994948680569,-0.0819141985988202
2025-05-06,154.82,155.9,153.69,154.47,8633913,JNJ,-0.0034193548387096,6.474168069403596e-05,155.237,154.3895,156.5133349953228,0.0080453354760472,137.13,137.19,133.97,134.33,11611704.0,-0.0275807152164468,-0.0169057377049178,137.716,136.815,140.48378602020006,0.0149503890564598,-0.0275807152164468,24.76,,,,,,False,0.5190333333333333,-0.6093058733845941,Down,0.1,Avoid,153.52880521738282,151.6635849752203,149.82102527905008,2025-05-07,-0.5829636,-1.383197214949509,0.1382431806493035,-0.6093058733845941
2025-05-08,155.82,157.03,154.78,155.66,7596746,JNJ,-0.010425937698665,0.0042580645161289,155.516,154.98899999999998,156.50624610666566,0.0094866629886126,134.41,135.33,133.69,134.14,10552507.0,-0.0090130023640664,-0.0289561314608368,137.35399999999998,136.703,140.03527600702978,0.0146317585934014,-0.0090130023640664,22.48,,,,,,False,-0.1225,-0.9585240836756764,Down,0.85,Avoid,154.16796141135043,151.22665179788763,148.34145826822754,2025-05-09,-1.260711,-0.4938408598553487,-1.1210204365055425,-0.9585240836756764
2025-05-09,155.42,156.06,153.81,154.22,6520449,JNJ,-0.0092509315174097,-0.0016184372370039,155.48,155.26550000000003,156.39836842541868,0.0099593517332449,134.31,134.77,132.62,132.68,7581138.0,-0.0108841508871326,-0.0122831832055386,136.817,136.5925,139.73104230231826,0.0146272385612383,-0.0108841508871326,21.9,,,,,,False,0.51192,-0.9672768310202408,Down,1.0,Avoid,152.7282656712006,149.78794504491657,146.90423139539195,2025-05-11,-0.9805589,-0.498318800469473,-1.4229528203683492,-0.9672768310202408
2025-05-12,152.02,155.36,151.18,154.14,8980183,JNJ,-0.0005187394631047,-0.0200890019071838,155.35899999999998,155.386,156.30353452660117,0.0097925975455195,132.88,136.13,132.64,135.96,15209479.0,0.0247211335544166,0.0044326241134751,136.553,136.547,139.56194387401547,0.0171206745015947,0.0247211335544166,18.39,,,,,,False,0.1560142857142857,1.4410504249905014,Up,1.0,Buy,156.36123512508033,160.90019399740507,165.57091281411866,2025-05-13,1.928814,0.9032804763975686,1.4910567450384749,1.4410504249905014
2025-05-13,151.7,151.7,148.08,148.44,10313345,JNJ,-0.0369793694044374,-0.0463831427470127,154.612,155.09,156.01199178090548,0.0148805404259275,133.94,133.94,131.83,131.87,17770122.0,-0.0300823771697558,-0.016922618160131,135.81199999999998,136.2135,139.23912178541923,0.0190652156753464,-0.0300823771697558,18.22,,,,,,False,0.8849,1.3982596730180403,Up,1.0,Buy,150.51557665862796,154.75420163232715,159.1121892797542,2025-05-14,1.3349373,1.0760980502083692,1.7837436347850837,1.3982596730180403
2025-05-02,251.26,253.62,249.46,252.51,7117800,JPM,0.0227631738831057,0.0322541084130487,242.54700000000005,234.7065,241.9751163586738,0.0135749332952187,49.49,49.94,49.33,49.76,35019493.0,0.0207179487179487,0.0223957263201148,48.091,47.0265,48.45439219224128,0.0147535147413896,0.0207179487179487,,15.0,2.0,0.05,1.0,0.1,False,0.5423,-0.0132807493739988,Down,0.4,Avoid,252.4764647797557,252.4094076998613,252.3423684301496,2025-05-04,,,,
2025-05-05,251.18,254.055,250.59,253.885,1495637,JPM,0.0054453288978655,0.0378750715395306,245.0365,236.88675,242.6362998829157,0.0114347241371977,49.34,49.7297,49.1,49.685,7198887.0,-0.001507234726688,0.0189704675963906,48.4945,47.30075,48.52421280452226,0.0115474261288937,-0.001507234726688,,15.0,2.0,0.05,1.0,0.1,False,0.0922333333333333,0.0200974529305674,Up,0.55,Buy,253.9360244183728,254.03810402100456,254.1402246585597,2025-05-05,,,,
2025-05-06,249.29,252.57,248.98,249.15,4798566,JPM,-0.0135017421602787,0.0091538741949857,246.26,238.556,242.7607326749377,0.0118553880096558,,,,,,,,,,,,,24.76,,,,,,,,0.0631854917889506,Up,0.5,Buy,249.30742665279212,249.62257843364188,249.93812860071824,2025-05-06,-1.1563476,1.882888992715728,-0.5369848849407337,0.0631854917889506
2025-05-06,250.0,252.65,249.0,249.25,6322287,JPM,-0.0131057966423819,0.0095589128761797,246.27,238.561,242.7693954146379,0.0117846766742349,49.0,49.56,48.97,49.16,28699207.0,-0.005663430420712,0.0084102564102563,48.67,47.542,48.53731777246861,0.0090334365169026,-0.005663430420712,24.76,,,,,,,,1.5893114897558351,Up,0.9,Buy,253.2113588882164,261.3239522645355,269.69646356704266,2025-05-07,2.027462,1.5769015499506855,1.163570913701585,1.5893114897558351
2025-05-08,251.57,255.88,251.55,253.47,8292361,JPM,0.016359918200409,0.0036031042128603,248.008,241.1435,243.4560145746299,0.0103775513884207,49.84,50.37,49.72,49.84,31108841.0,0.00788675429727,0.0080906148867314,49.002,47.949,48.62810567318717,0.0084052073525133,0.00788675429727,22.48,,,,,,False,0.9948,-0.5749712064750748,Down,1.0,Avoid,252.01262048294765,249.1229518068346,246.2664171263195,2025-05-09,-0.2642234,-0.0746858505519688,-1.386004372095149,-0.5749712064750748
2025-05-09,254.5,255.51,252.34,253.08,5070073,JPM,-0.0015386436264646,0.0153660982948846,248.961,242.442,243.83547562703967,0.0101647765287893,49.96,50.03,49.72,49.85,22011638.0,-0.0002005615724026,0.0140358014646053,49.187,48.147000000000006,48.67563784339369,0.0080596319829401,-0.0002005615724026,21.9,,,,,,False,0.0876666666666666,-1.3798987303150163,Down,0.8,Avoid,249.58775229331877,242.74716035920108,236.09405237643583,2025-05-11,-1.6353717,-0.8069268681704764,-1.697397637746496,-1.3798987303150163
2025-05-12,262.9,263.6,258.7,260.05,9530323,JPM,0.0275406985933301,0.0427442960824413,250.644,243.63450000000003,244.48909702783055,0.0123744506806048,51.11,51.2,50.55,50.87,44274103.0,0.0202567188126754,0.0287158746208289,49.458000000000006,48.3575,48.761268547869406,0.0095696488505193,0.0202567188126754,18.39,,,,,,False,0.54916,0.278395345004036,Up,0.5,Buy,260.77396709468303,262.2279533671542,263.6900465687951,2025-05-13,0.348422,0.6697102432179582,-0.1829461990772795,0.278395345004036
2025-05-13,261.03,263.67,260.39,263.01,8514396,JPM,0.0113824264564506,0.0376375902473664,252.483,245.049,245.2425896624584,0.0124503234009889,51.0,51.32,50.91,51.08,33527023.0,0.0041281698447022,0.0244685118331327,49.699,48.554,48.85401664196222,0.0094191414519341,0.0041281698447022,18.22,,,,,,False,0.3897,-0.3591351147301482,Down,0.45,Avoid,262.0654387347482,260.18648077503053,258.3209945765318,2025-05-14,-0.05485132,-0.1241466423247454,-0.8984073822248244,-0.3591351147301482
2025-05-02,71.5,71.82,71.1,71.65,11673739,KO,0.0050497966054146,-0.0096751900483758,72.401,71.593,70.3998743224057,0.0098034887417703,81.58,81.86,81.21,81.56,14827079.0,0.0054240631163706,0.0039389463318564,81.33099999999999,80.473,80.65514383228289,0.0084678821614445,0.0054240631163706,,15.0,2.0,0.05,1.0,0.1,False,0.3803714285714286,0.0409755123164724,Up,0.45,Watch,71.67935895457477,71.73811295859976,71.79691512199783,2025-05-04,,,,
2025-05-05,71.67,71.735,71.02,71.66,3099697,KO,0.000139567341242,-0.0122674017918676,72.28999999999999,71.67949999999999,70.43661225653084,0.0098091381468927,81.59,81.64,81.0,81.595,2541632.0,0.0004291319274154,-0.002871807405597,81.3815,80.62974999999999,80.68197940274936,0.0078298465133627,0.0004291319274154,,15.0,2.0,0.05,1.0,0.1,False,-0.1406799999999999,0.0121232009209006,Up,0.45,Watch,71.66868748577991,71.68606561707149,71.70344796219004,2025-05-05,,,,
2025-05-06,71.675,71.9,71.16,71.705,9525939,KO,6.973500697338153e-05,0.0058212933090193,72.07449999999999,71.84825000000001,70.48755638214912,0.0078784682061918,,,,,,,,,,,,,24.76,,,,,,False,0.1924,0.4597228773848288,Up,0.95,Buy,72.0346442892288,72.69848618519242,73.36844577726166,2025-05-06,-0.34061605,1.4555905225669472,0.264194156969894,0.4597228773848288
2025-05-06,71.68,71.9,71.16,71.72,12316481,KO,0.0002789400278939,0.0060317015009117,72.076,71.849,70.49019912490809,0.0078877463207239,81.33,81.63,80.97,81.36,10458873.0,-0.0015952877653698,0.0029585798816567,81.283,80.815,80.71447886899395,0.0062070572904528,-0.0015952877653698,24.76,,,,,,False,0.1924,0.0697584355297488,Up,0.4,Watch,71.77003074996193,71.87019697623732,71.97050300004076,2025-05-07,0.28138164,0.0660310049764809,-0.138137335245221,0.0697584355297488
2025-05-08,72.2,72.47,71.13,71.17,14340815,KO,-0.0169889502762431,-0.007391910739191,71.853,72.10900000000001,70.58456354920962,0.0095132304439089,81.57,81.95,81.07,81.38,10987730.0,-0.0012272950417281,-0.00134985887839,81.286,81.1745,80.76693311884738,0.0052752952598343,-0.0012272950417281,22.48,,,,,,False,0.43035,-1.7551942664390503,Down,0.7,Avoid,69.92082824057533,67.4878760618167,65.13958043609203,2025-05-09,-1.9711938,-2.065240737598512,-1.229148271282849,-1.7551942664390503
2025-05-09,70.99,71.15,70.46,70.52,11228947,KO,-0.0091330616832936,-0.0167317345231455,71.714,72.09700000000001,70.58081691390696,0.0095712047258389,81.03,81.34,80.82,80.91,8991725.0,-0.0057753747849594,-0.0054087277197295,81.293,81.2525,80.77322687119424,0.0055653130748736,-0.0057753747849594,21.9,,,,,,False,0.8411333333333334,-1.5842143033402518,Down,0.7,Avoid,69.40281207328445,67.22125178808449,65.10826516922151,2025-05-11,-2.4061754,-1.1700578410660665,-1.1764096939699482,-1.5842143033402518
2025-05-12,70.15,70.33,68.7,69.53,21469770,KO,-0.0140385706182643,-0.0396408839779006,71.488,72.002,70.53453411490952,0.0103077678165495,80.97,81.23,80.33,81.03,18912130.0,0.0014831294030404,-0.0055228276877761,81.339,81.2865,80.78353811241776,0.0054416439961705,0.0014831294030404,18.39,,,,,,False,0.9806,0.8623967259023742,Up,0.85,Buy,70.12962444351993,71.34443135102124,72.58028151712007,2025-05-13,0.48309097,0.8727172959402344,1.2313819148269622,0.8623967259023742
2025-05-13,69.59,69.69,68.87,68.96,14238298,KO,-0.0081979001869697,-0.0310524097231981,71.149,71.8275,70.46638709808248,0.0096400000599535,80.76,80.88,79.65,79.94,13041864.0,-0.013451807972356,-0.0176947652985991,81.209,81.1975,80.7448478006712,0.0062919014904053,-0.013451807972356,18.22,,,,,,False,0.7309,0.8894453768437666,Up,0.9,Buy,69.57336153187146,70.81649966681304,72.08185021737636,2025-05-14,0.6983649,0.7780791507498234,1.1918920663178838,0.8894453768437666
2025-05-02,555.63,562.38,554.99,559.39,2564885,MA,0.0233430291056107,0.036521642454788,536.385,520.209,533.261843619531,0.0145122941779734,49.49,49.94,49.33,49.76,35019493.0,0.0207179487179487,0.0223957263201148,48.091,47.0265,48.45439219224128,0.0147535147413896,0.0207179487179487,,15.0,2.0,0.05,1.0,0.1,False,0.5473,0.1194687781915791,Up,0.7,Buy,560.0582963983259,561.3972853654483,562.7394755911996,2025-05-04,,,,
2025-05-05,557.81,564.55,555.85,563.94,506350,MA,0.0081338600976064,0.028974929752217,541.847,523.9175,534.5831171261686,0.0119769275395087,49.34,49.7297,49.1,49.685,7198887.0,-0.001507234726688,0.0189704675963906,48.4945,47.30075,48.52421280452226,0.0115474261288937,-0.001507234726688,,15.0,2.0,0.05,1.0,0.1,,,0.1291505888832197,Up,0.7,Buy,564.668331830948,566.1278186422385,567.5910777595574,2025-05-05,,,,
2025-05-06,556.48,565.725,556.1,558.86,1659168,MA,-0.0040276589677786,0.0223734518778699,544.7180000000001,527.4435000000001,535.4049093615295,0.008934009875928,,,,,,,,,,,,,24.76,,,,,,,,-2.1096227748886345,Down,0.1,Avoid,547.0701621602574,524.2314027162812,502.34610220503146,2025-05-06,-8.048479,1.3763022779658594,0.3433084775684333,-2.1096227748886345
2025-05-06,556.48,565.74,556.1,558.99,2330673,MA,-0.0037959794696321,0.0226112727073157,544.731,527.45,535.4636616533855,0.0089057764791133,49.0,49.56,48.97,49.16,28699207.0,-0.005663430420712,0.0084102564102563,48.67,47.542,48.53731777246861,0.0090334365169026,-0.005663430420712,24.76,,,,,,,,1.0840748794416466,Up,0.85,Buy,565.0498701685908,577.3674032635046,589.9534465016008,2025-05-07,0.8840652,1.0519233900198843,1.3162360374858113,1.0840748794416466
2025-05-08,569.45,573.87,567.0,567.12,1999488,MA,0.0013949464093372,0.0106928999144568,551.529,534.355,537.9087564126396,0.0092280908207554,49.84,50.37,49.72,49.84,31108841.0,0.00788675429727,0.0080906148867314,49.002,47.949,48.62810567318717,0.0084052073525133,0.00788675429727,22.48,,,,,,False,0.4767,-0.7423512602148739,Down,0.9,Avoid,562.9099775330694,554.5834600555353,546.380107730638,2025-05-09,-0.37128282,-0.6352915796669727,-1.220479385044421,-0.7423512602148739
2025-05-09,567.45,569.58,564.6,568.64,1528000,MA,0.002680208774157,0.0172632784128516,555.045,537.8199999999999,539.1066907522276,0.0087043414153942,49.96,50.03,49.72,49.85,22011638.0,-0.0002005615724026,0.0140358014646053,49.187,48.147000000000006,48.67563784339369,0.0080596319829401,-0.0002005615724026,21.9,,,,,,False,0.9201,-1.09858179843129,Down,0.9,Avoid,562.3930244614003,550.1042038566464,538.0839056291045,2025-05-11,-1.14527,-0.5497603000437946,-1.6007151052827289,-1.09858179843129
2025-05-12,580.0,580.79,566.43,578.27,2999711,MA,0.0169351435002813,0.021083114085427,559.423,541.246,540.5754657125495,0.0091216253264458,51.11,51.2,50.55,50.87,44274103.0,0.0202567188126754,0.0287158746208289,49.458000000000006,48.3575,48.761268547869406,0.0095696488505193,0.0202567188126754,18.39,,,,,,False,0.0,0.1159514698469916,Up,0.45,Watch,578.9405125646842,580.2838710030624,581.6303465352607,2025-05-13,-0.12768549,0.409460088719091,0.066079808092239,0.1159514698469916
2025-05-13,578.0,582.86,575.8,576.59,2369858,MA,-0.0029052172860427,0.0166984059810975,563.114,544.4525,541.9995742986529,0.0097035549391033,51.0,51.32,50.91,51.08,33527023.0,0.0041281698447022,0.0244685118331327,49.699,48.554,48.85401664196222,0.0094191414519341,0.0041281698447022,18.22,,,,,,False,0.6249,-0.3102171977881897,Down,0.5,Avoid,574.8013186592731,571.240585155894,567.7019094012892,2025-05-14,-0.5948389,-0.1194980607284906,-0.216314615380677,-0.3102171977881897
2025-05-02,583.46,604.34,578.33,597.02,24663458,META,0.043358207651037,0.0767982108073008,540.8040000000001,533.5945,574.8796929355728,0.0252446201134832,96.55,97.93,96.41,97.42,3542330.0,0.0155321588658396,0.0210669741117284,93.764,91.8845,95.2746141880248,0.0133780986926832,0.0155321588658396,,15.0,2.0,0.05,1.0,0.1,False,0.289175,1.1947171664055356,Up,1.0,Buy,604.1527004268743,618.6747661552664,633.545899913762,2025-05-04,,,,
2025-05-05,590.74,602.5,583.455,599.335,4592992,META,0.0038775920404676,0.0916848816029145,552.2715000000001,538.32475,575.8358395980543,0.0187017188873877,96.38,97.75,96.18,97.67,1079644.0,0.0025662081708068,0.0233654652137469,94.713,92.4065,95.38593672986948,0.0085444342098589,0.0025662081708068,,15.0,2.0,0.05,1.0,0.1,False,0.51242,0.4842014913396382,Up,0.8,Buy,602.2369890081204,608.0831894839756,613.9861418044163,2025-05-05,,,,
2025-05-06,592.525,596.0,586.58,589.07,8381188,META,-0.0170207085287098,0.0294647070131595,561.144,541.9625,576.5015614239786,0.0218288925979861,,,,,,,,,,,,,24.76,,,,,,False,0.2287,-1.485524590754112,Down,0.15,Avoid,580.3192202932448,563.2057147255535,546.5968832451127,2025-05-06,-5.882384,1.1938876854992382,0.2319223656332018,-1.485524590754112
2025-05-06,592.53,596.03,586.58,587.31,10352554,META,-0.0199576150983697,0.0263889131612518,560.9680000000001,541.8745,576.4138932099157,0.0223463605789727,96.7,98.02,96.66,97.63,4088296.0,-0.0002048131080389,0.0177212550818304,95.426,92.9195,95.47896182654334,0.0070842119273208,-0.0002048131080389,24.76,,,,,,False,0.1362875,0.5762486465094824,Up,0.65,Buy,590.6943659258149,597.521717248068,604.4279803202313,2025-05-07,1.1468655,-1.0505349287150516,1.632415381144805,0.5762486465094824
2025-05-08,606.29,611.3,596.62,598.01,14500247,META,0.0020106901694008,-0.00210255811237,575.108,546.8045,577.9824370418002,0.0207071988741033,98.04,98.62,97.37,97.68,3865182.0,0.0023601847101077,0.0003072196620583,96.369,93.6825,95.64364118161872,0.0049557160759113,0.0023601847101077,22.48,,,,,,False,0.616225,-1.8017417893573144,Down,0.65,Avoid,587.2354039254643,566.2651052481764,546.0436603076951,2025-05-09,-1.3753308,-3.1144805403602005,-0.9154140219332396,-1.8017417893573144
2025-05-09,603.72,606.97,591.71,592.49,10342848,META,-0.0092306148726609,0.0088198736612692,579.6299999999999,549.1144999999999,578.5638879970638,0.0209594442993291,98.01,98.09,97.03,97.18,4425933.0,-0.0051187551187551,-0.0046092389634332,96.651,94.0165,95.70723105842876,0.0056597517284212,-0.0051187551187551,21.9,,,,,,False,0.2891375,-0.9830258814988528,Down,0.95,Avoid,586.6656699547075,575.1882110511879,563.9352958181581,2025-05-11,-1.3468709,-1.0285284754210415,-0.5736782698750773,-0.9830258814988528
2025-05-12,630.92,640.39,621.03,639.43,21855261,META,0.0792249658222079,0.0714130125165464,588.5989999999999,553.9075,580.8917590232528,0.0306079939744092,99.5,99.52,98.32,99.2,3341269.0,0.0207861699938258,0.0179579271421241,97.099,94.413,95.84363685762712,0.0080029028351136,0.0207861699938258,18.39,,,,,,False,0.5747545454545455,-0.6969707701320177,Down,0.3,Avoid,634.9733598045448,626.1530473626784,617.4552564571425,2025-05-13,-2.6730843,0.2946998836308227,0.287472065006327,-0.6969707701320177
2025-05-13,645.54,660.92,642.83,656.03,18468077,META,0.0259606211782368,0.0970217889332953,598.758,560.135,583.6559796613494,0.0306552382222445,99.48,100.58,99.19,100.17,5383840.0,0.0097782258064516,0.0254914004914004,97.575,94.8275,95.9979683708594,0.0081315652484539,0.0097782258064516,18.22,,,,,,False,0.5211545454545454,-0.7264110702782626,Down,0.35,Avoid,651.2645254556535,641.8371757096394,632.5462911321702,2025-05-14,-2.7397473,0.4485790812637646,0.1119349937443429,-0.7264110702782626
2025-05-02,431.74,439.44,429.99,435.28,30524245,MSFT,0.0232251998119417,0.1046594254390416,392.062,383.305,391.72066626596336,0.0262408928592081,215.49,217.62,214.91,216.61,4054658.0,0.0167096925604317,0.0359158297465329,204.914,198.955,209.504228838357,0.0177991296416743,0.0167096925604317,,15.0,2.0,0.05,1.0,0.1,False,0.62489,0.135834378923038,Up,0.8,Buy,435.87125988457615,437.056190147237,438.24434168153607,2025-05-04,,,,
2025-05-05,431.71,437.42,431.71,437.42,4586192,MSFT,0.0049163756662378,0.1066639680210495,399.892,387.184,393.5789998625914,0.0226114409907377,214.75,216.3367,214.64,216.05,952915.0,-0.0025852915377868,0.0289565175977521,207.731,200.639,209.80997052742052,0.0132821811380429,-0.0025852915377868,,15.0,2.0,0.05,1.0,0.1,False,0.5813071428571428,-1.196100234366202,Down,0.1,Avoid,432.1880183548354,421.9110457821922,411.8784487145918,2025-05-05,,,,
2025-05-06,431.79,437.73,431.24,435.04,9949143,MSFT,-0.0025907329710892,0.0226610249177245,406.589,390.9805,395.19768254078656,0.0238974674305269,,,,,,,,,,,,,24.76,,,,,,False,0.23074,0.4438241063750356,Up,0.9,Buy,436.970812392374,440.8581834427718,444.7801372461933,2025-05-06,0.54743916,2.090380610738856,-1.306347449576548,0.4438241063750356
2025-05-06,432.2,437.73,431.17,433.31,14901548,MSFT,-0.0065570763693055,0.0185942642219087,406.41600000000005,390.894,395.10700276286457,0.0242966269634295,212.26,215.24,211.61,213.67,3979076.0,-0.0083078065534206,0.0029101149964796,209.793,202.12,209.96795954348576,0.0147591084180467,-0.0083078065534206,24.76,,,,,,False,0.23620625,1.6909511810377589,Up,0.95,Buy,440.6370605625548,455.6649677770921,471.2054010940876,2025-05-07,1.6309696,1.4933022685958923,1.9485816309245487,1.6909511810377589
2025-05-08,437.93,443.67,435.66,438.17,23408400,MSFT,0.0111226491288796,0.0045853680904235,417.399,397.2175,398.2022682912267,0.0238662567583496,217.95,219.94,216.01,217.87,4346536.0,0.0095454334831563,0.0111853708344935,212.814,204.6245,210.4880131962171,0.0087681058142209,0.0095454334831563,22.48,,,,,,False,0.3654363636363636,-2.386749076736624,Down,0.45,Avoid,427.7119815704632,407.5388072017124,388.3171071466289,2025-05-09,-2.1040087,-2.1698415956723327,-2.886396959915956,-2.386749076736624
2025-05-09,440.0,440.74,435.88,438.73,15324233,MSFT,0.0012780427687884,0.0125083658350835,422.087,400.0865,399.8297033013904,0.0241389411549762,218.84,219.24,216.48,217.6,3665223.0,-0.0012392711249827,0.0183928487855105,213.727,205.786,210.7691922609004,0.008426052040617,-0.0012392711249827,21.9,,,,,,False,0.6786,-1.6221882058149737,Down,0.65,Avoid,431.612973684628,417.723402896748,404.2808070341689,2025-05-11,-1.6556274,-1.1664434057955786,-2.044493841768666,-1.6221882058149737
2025-05-12,445.94,449.37,439.78,449.26,22744086,MSFT,0.0240010940669659,0.0367139725395175,427.8970000000001,403.127,401.7979754024774,0.0239264885112274,226.83,227.78,224.54,227.7,6732705.0,0.0464154411764705,0.0550947592789954,215.68400000000003,207.2535,211.4205984456536,0.015434615834621,0.0464154411764705,18.39,,,,,,False,0.36326,0.3609892514176655,Up,0.55,Buy,450.8817803109191,454.1429254245138,457.4276578018136,2025-05-13,0.67356753,0.3616545296296469,0.0477456911303076,0.3609892514176655
2025-05-13,447.78,450.67,445.36,449.14,22872256,MSFT,-0.0002671059074923,0.025035944952872,433.407,406.1935,403.5605711799353,0.0242873901111971,228.52,233.38,228.26,232.62,6365028.0,0.0216073781291172,0.0677009225685041,218.036,208.8765,212.20595816681023,0.0158147908020174,0.0216073781291172,18.22,,,,,,False,0.2009625,-0.3924255690124982,Down,0.4,Avoid,447.37745979933726,443.8731022305102,440.39619468559744,2025-05-14,0.14856282,-0.2003947271264071,-1.125444798676728,-0.3924255690124982
2025-05-02,114.18,115.4,113.37,114.5,189839626,NVDA,0.0258937371203298,0.0502660062373876,106.873,105.935,113.10851748164822,0.0283975951702243,215.49,217.62,214.91,216.61,4054658.0,0.0167096925604317,0.0359158297465329,204.914,198.955,209.504228838357,0.0177991296416743,0.0167096925604317,,15.0,2.0,0.05,1.0,0.1,False,0.3361272727272727,-0.9859378758251373,Down,0.05,Avoid,113.3711011321802,111.14658438382664,108.96571610244824,2025-05-04,,,,
2025-05-05,112.905,114.38,112.685,113.554,48221004,NVDA,-0.0082620087336244,0.0425449871465295,108.5374,106.8972,113.1692621908851,0.0216849361614678,214.75,216.3367,214.64,216.05,952915.0,-0.0025852915377868,0.0289565175977521,207.731,200.639,209.80997052742052,0.0132821811380429,-0.0025852915377868,,15.0,2.0,0.05,1.0,0.1,False,0.36534,-0.3671184130781323,Down,0.15,Avoid,113.13712235721329,112.30795275689266,111.48486004991857,2025-05-05,,,,
2025-05-06,111.445,114.74,110.822,113.405,134977906,NVDA,-0.0036461078896502,0.01608278828062,110.0155,107.69875,113.2133551832011,0.0222407546447948,,,,,,,,,,,,,24.76,,,,,,False,0.2444235294117647,-0.787404288016479,Down,0.25,Avoid,112.5120441671749,110.74717065532413,109.0099810997634,2025-05-06,0.16185236,1.20346085129088,-3.7275260751120456,-0.787404288016479
2025-05-06,111.48,114.74,110.82,113.54,148181271,NVDA,-0.0024600246002458,0.0172923573156527,110.029,107.7055,113.20877186111322,0.0221390656389295,212.26,215.24,211.61,213.67,3979076.0,-0.0083078065534206,0.0029101149964796,209.793,202.12,209.96795954348576,0.0147591084180467,-0.0083078065534206,24.76,,,,,,False,0.2059842105263158,0.6601714397328315,Up,0.7,Buy,114.28955865267264,115.8035537422046,117.33760474198895,2025-05-07,1.0767792,0.987368768166738,-0.0836336952985047,0.6601714397328315
2025-05-08,118.25,118.68,115.85,117.37,195705150,NVDA,0.0026482145908082,0.0311895976102618,112.558,108.8955,113.4990699353383,0.0199159449698968,217.95,219.94,216.01,217.87,4346536.0,0.0095454334831563,0.0111853708344935,212.814,204.6245,210.4880131962171,0.0087681058142209,0.0095454334831563,22.48,,,,,,False,0.2802533333333333,-3.1511000117535293,Down,0.25,Avoid,113.67155391620489,106.62061460693349,100.00703841473246,2025-05-09,-2.8940206,-2.5216675158714925,-4.037611961985531,-3.1511000117535293
2025-05-09,117.35,118.23,115.21,116.65,131755798,NVDA,-0.0061344466217942,0.0273912277611414,113.122,109.3495,113.64563979634384,0.0166601788545663,218.84,219.24,216.48,217.6,3665223.0,-0.0012392711249827,0.0183928487855105,213.727,205.786,210.7691922609004,0.008426052040617,-0.0012392711249827,21.9,,,,,,False,0.5064055555555556,-2.9854032048378607,Down,0.25,Avoid,113.16752716155663,106.51137525186064,100.24671690357908,2025-05-11,-2.424871,-2.4759544475215445,-4.055384199127047,-2.9854032048378607
2025-05-12,121.97,123.0,120.28,123.0,223751223,NVDA,0.0544363480497214,0.0507432086109687,114.549,109.953,114.0010134236874,0.0203138534290785,226.83,227.78,224.54,227.7,6732705.0,0.0464154411764705,0.0550947592789954,215.68400000000003,207.2535,211.4205984456536,0.015434615834621,0.0464154411764705,18.39,,,,,,False,0.380725,-2.9575084826027056,Down,0.05,Avoid,119.36226456639866,112.40637082631136,105.85583516064688,2025-05-13,-2.0319242,-3.307633812552041,-3.532967387514377,-2.9575084826027056
2025-05-13,124.98,131.22,124.47,129.93,324734650,NVDA,0.0563414634146341,0.107012013291301,116.64,110.914,114.58790823438852,0.0241328981161607,228.52,233.38,228.26,232.62,6365028.0,0.0216073781291172,0.0677009225685041,218.036,208.8765,212.20595816681023,0.0158147908020174,0.0216073781291172,18.22,,,,,,False,0.5631333333333334,-5.2795373528597205,Down,0.05,Avoid,123.07029711742938,110.41825267734342,99.06688136686869,2025-05-14,-5.216578,-4.80925147490415,-5.812782576930625,-5.2795373528597205
2025-05-02,24.28,24.3,23.97,24.2,38686071,PFE,0.0112829084830756,0.0172341319882303,23.201,22.709,24.19904817560958,0.0163237731490435,138.79,139.01,137.55,138.53,9777008.0,0.0138319672131148,-0.0053848363009764,137.232,136.679,140.8214167831101,0.0149378038714295,0.0138319672131148,,15.0,2.0,0.05,1.0,0.1,False,0.4511,0.977387333167994,Up,0.95,Buy,24.43652773462665,24.9165411753963,25.405983652313047,2025-05-04,,,,
2025-05-05,24.2,24.25,23.98,24.06,7496982,PFE,-0.0057851239669421,-0.014338385907415,23.403,22.7635,24.18881230104266,0.016445426863539,138.25,138.635,137.61,138.48,1527846.0,-0.0003609326499676,-0.0141667259913149,137.82299999999998,136.839,140.73103901065764,0.012474727772597,-0.0003609326499676,,15.0,2.0,0.05,1.0,0.1,False,0.34595,0.913507615346579,Up,1.0,Buy,24.27978993225239,24.725411531449357,25.1792118920864,2025-05-05,,,,
2025-05-06,23.83,23.89,22.845,22.8695,50212099,PFE,-0.0419145370758274,-0.0443167572085249,23.41795,22.765975,24.13067498579678,0.0226481135500811,,,,,,,,,,,,,24.76,,,,,,False,0.48385,0.4847500271598186,Up,1.0,Buy,22.980359907461317,23.20369450769333,23.429199584970167,2025-05-06,1.7144011,1.86864078498483,-2.1287918294132724,0.4847500271598186
2025-05-06,23.83,23.89,22.85,22.88,57131835,PFE,-0.0414746543778802,-0.043877977434183,23.419,22.7665,24.125239306179573,0.022554160930131,137.13,137.19,133.97,134.33,11611704.0,-0.0275807152164468,-0.0169057377049178,137.716,136.815,140.48378602020006,0.0149503890564598,-0.0275807152164468,24.76,,,,,,False,0.48385,-0.6043427564986157,Down,0.15,Avoid,22.74172637731312,22.46768102163809,22.196938003513036,2025-05-07,0.13071401,-0.36696715202006,-1.5767751316483412,-0.6043427564986157
2025-05-08,22.82,23.09,22.51,22.97,55518260,PFE,0.0078982009653356,-0.0377042312526184,23.481,22.838,24.02598270854613,0.0217736078045261,134.41,135.33,133.69,134.14,10552507.0,-0.0090130023640664,-0.0289561314608368,137.35399999999998,136.703,140.03527600702978,0.0146317585934014,-0.0090130023640664,22.48,,,,,,False,0.334925,-3.387412438228882,Down,0.2,Avoid,22.191911362938825,20.71391247992261,19.334349493773097,2025-05-09,-2.8797264,-2.9273461519779262,-4.35516475279661,-3.387412438228882
2025-05-09,22.51,22.6,22.26,22.28,39059757,PFE,-0.0300391815411404,-0.0262237762237761,23.417,22.8725,23.95713319484078,0.0237489750045319,134.31,134.77,132.62,132.68,7581138.0,-0.0108841508871326,-0.0122831832055386,136.817,136.5925,139.73104230231826,0.0146272385612383,-0.0108841508871326,21.9,,,,,,False,0.418775,-2.371140009281683,Down,0.35,Avoid,21.751710005932043,20.732412483294727,19.76087982325309,2025-05-11,-1.918543,-2.324964888809353,-2.8699121578879296,-2.371140009281683
2025-05-12,22.23,23.15,22.18,23.09,77293819,PFE,0.036355475763016,0.0131636682755595,23.421,22.931500000000003,23.921620403064736,0.0267278878159956,132.88,136.13,132.64,135.96,15209479.0,0.0247211335544166,0.0044326241134751,136.553,136.547,139.56194387401547,0.0171206745015947,0.0247211335544166,18.39,,,,,,False,0.0595,0.6019732404212105,Up,0.7,Buy,23.228995621213254,23.509502049784057,23.79339579039161,2025-05-13,1.0988219,1.0806115953400195,-0.3735137525096159,0.6019732404212105
2025-05-13,22.9,22.98,22.49,22.87,39183519,PFE,-0.0095279341706365,-0.0043535045711796,23.329,22.969,23.87074000607697,0.0243982126443788,133.94,133.94,131.83,131.87,17770122.0,-0.0300823771697558,-0.016922618160131,135.81199999999998,136.2135,139.23912178541923,0.0190652156753464,-0.0300823771697558,18.22,,,,,,False,0.4571666666666666,0.5133175023937959,Up,0.8,Buy,22.987395712797465,23.22399806993161,23.463035704036702,2025-05-14,0.6565976,0.7144630177320382,0.1688918751610193,0.5133175023937959
2025-05-02,160.93,161.81,159.9,160.52,5743424,PG,0.003375421927741,-0.0107235301368173,162.709,163.8435,166.05813046237614,0.0169334918872742,81.58,81.86,81.21,81.56,14827079.0,0.0054240631163706,0.0039389463318564,81.33099999999999,80.473,80.65514383228289,0.0084678821614445,0.0054240631163706,,15.0,2.0,0.05,1.0,0.1,False,0.1023,0.0415713784259626,Up,0.55,Buy,160.58673037664934,160.72027436369245,160.85392940596677,2025-05-04,,,,
2025-05-05,160.89,160.89,158.87,159.785,1002204,PG,-0.0045788686768004,-0.0171310819954481,162.1125,163.64525,165.7763666902606,0.0149527169622907,81.59,81.64,81.0,81.595,2541632.0,0.0004291319274154,-0.002871807405597,81.3815,80.62974999999999,80.68197940274936,0.0078298465133627,0.0004291319274154,,15.0,2.0,0.05,1.0,0.1,False,-0.743,0.0368915290245023,Up,0.6,Buy,159.8439471296518,159.9619066364704,160.07995319347447,2025-05-05,,,,
2025-05-06,158.74,159.71,157.695,159.214,5130804,PG,0.002417679279733,-0.0047880985123139,161.1504,163.5467,165.5009539507512,0.0141400827791775,,,,,,,,,,,,,24.76,,,,,,False,0.765,0.2652354655201134,Up,0.7,Buy,159.6362919940732,160.4842391574465,161.33669039932784,2025-05-06,-1.2906435,1.84460851173336,0.2417413384250031,0.2652354655201134
2025-05-06,158.04,159.71,157.65,159.25,7615598,PG,0.0026443367122079,-0.0045630703837978,161.154,163.54850000000002,165.53634410814536,0.0141538155109485,81.33,81.63,80.97,81.36,10458873.0,-0.0015952877653698,0.0029585798816567,81.283,80.815,80.71447886899395,0.0062070572904528,-0.0015952877653698,24.76,,,,,,False,0.765,0.8441600584921684,Up,0.75,Buy,160.59432489314878,163.3171152382853,166.08606902829135,2025-05-07,0.76125145,0.81716644456156,0.9540622813299844,0.8441600584921684
2025-05-08,158.38,160.0,158.01,158.65,7222773,PG,-0.0040178291167053,-0.0011332871623749,160.422,163.41,165.01818811281296,0.0076037187877748,81.57,81.95,81.07,81.38,10987730.0,-0.0012272950417281,-0.00134985887839,81.286,81.1745,80.76693311884738,0.0052752952598343,-0.0012272950417281,22.48,,,,,,False,-0.3716,-1.571577452170985,Down,0.8,Avoid,156.15669237213075,151.28701408686808,146.5691945931931,2025-05-09,-1.8294541,-1.2164724989318063,-1.668805793211947,-1.571577452170985
2025-05-09,158.02,159.13,157.41,157.66,6453232,PG,-0.0062401512763946,-0.0099843014128728,160.086,163.11499999999998,164.7281892226802,0.0069230963043539,81.03,81.34,80.82,80.91,8991725.0,-0.0057753747849594,-0.0054087277197295,81.293,81.2525,80.77322687119424,0.0055653130748736,-0.0057753747849594,21.9,,,,,,False,0.9938,-1.8538771514653496,Down,0.55,Avoid,154.73717728299974,149.0530839431918,143.57778927518953,2025-05-11,-2.2724426,-1.426156833847509,-1.863032041279131,-1.8538771514653496
2025-05-12,157.43,161.05,156.69,160.9,7377123,PG,0.020550551820373,0.010107351371712,159.991,162.8145,164.5876332637991,0.0098184144228869,80.97,81.23,80.33,81.03,18912130.0,0.0014831294030404,-0.0055228276877761,81.339,81.2865,80.78353811241776,0.0054416439961705,0.0014831294030404,18.39,,,,,,False,0.79545,0.6107402279393851,Up,0.75,Buy,161.88268102675448,163.8660846196502,165.87378908146755,2025-05-13,0.73078346,0.5562770963757308,0.5451601249180107,0.6107402279393851
2025-05-13,160.02,160.72,157.36,158.73,7691884,PG,-0.0134866376631449,0.0005042546485973,159.638,162.2945,164.37736095681316,0.0105406615995481,80.76,80.88,79.65,79.94,13041864.0,-0.013451807972356,-0.0176947652985991,81.209,81.1975,80.7448478006712,0.0062919014904053,-0.013451807972356,18.22,,,,,,False,0.9974,0.6503403412345631,Up,0.85,Buy,159.7622852236416,161.84703943239816,163.95899780955307,2025-05-14,0.7202205,0.643995536990148,0.5868049805222874,0.6503403412345631
2025-05-02,284.9,294.78,279.81,287.21,113633204,TSLA,0.0238485669470982,-0.0165051535801116,268.847,257.467,277.7532984765715,0.0446677647413736,200.45,202.58,199.14,201.43,3724511.0,0.0155281068817747,0.0118551263374693,194.242,190.2075,199.36474627798648,0.0170701419772192,0.0155281068817747,,15.0,2.0,0.05,1.0,0.1,False,0.44225625,-0.6325141680320066,Down,0.15,Avoid,285.3933560579953,281.7944670857012,278.24096109643733,2025-05-04,,,,
2025-05-05,285.01,285.01,274.41,276.71,36981505,TSLA,-0.0365586156470875,-0.0193152821094415,273.768,259.331,277.9939747362932,0.0410654268314676,199.81,200.0,198.62,199.76,582217.0,-0.0082907213424019,0.0126736287133732,196.173,191.056,199.42951896685148,0.0134706119917372,-0.0082907213424019,,15.0,2.0,0.05,1.0,0.1,False,0.04714375,0.5655632366187412,Up,0.85,Buy,278.2749700320477,281.4315128390484,284.6238611031165,2025-05-05,,,,
2025-05-06,273.09,277.72,271.36,276.59,68403355,TSLA,-0.013094983229858,-0.0140096962783402,277.985,261.6735,278.1362947088037,0.0396926957921658,,,,,,,,,,,,,24.76,,,,,,False,0.1999470588235294,-2.1899848232096204,Down,0.05,Avoid,270.5327209774845,258.81321831500435,247.6014055990846,2025-05-06,-2.441217,1.6997464203737336,-5.828483944354401,-2.1899848232096204
2025-05-06,273.11,277.73,271.35,275.35,74835790,TSLA,-0.0175194462285019,-0.0184300584628545,277.861,261.6115,278.2797637057883,0.0400738826878001,196.86,199.0,196.68,197.55,2405829.0,-0.0087309950323648,-0.0040332745147465,197.265,191.8785,199.38231131382267,0.0126907340531492,-0.0087309950323648,24.76,,,,,,False,0.2012157894736842,-0.759640743021501,Down,0.05,Avoid,273.2583292140903,269.1225344920582,265.0493354758258,2025-05-07,-0.3887812,-0.7644319715683406,-1.1257090675776449,-0.759640743021501
2025-05-08,279.63,289.8,279.41,284.82,96911282,TSLA,0.0311346028527983,0.0162706058659816,282.94,264.9605,278.67713597484374,0.0375761691689222,201.01,203.52,199.73,201.42,3231822.0,0.0117032497865285,0.0106879421947914,198.873,193.31,199.48415661165583,0.0104025890417406,0.0117032497865285,22.48,,,,,,False,0.3298923076923076,-4.392786053395035,Down,0.1,Avoid,272.30846676272023,248.91007198267025,227.52220917318917,2025-05-09,-4.4944763,-4.252665721890743,-4.431216119934986,-4.392786053395035
2025-05-09,290.21,307.04,290.0,298.26,132387835,TSLA,0.0471876974931535,0.0832031959324495,284.271,267.2535,279.28178597259523,0.0259890017752242,201.96,203.92,201.43,202.41,2579955.0,0.0048153296266877,0.0246013667425968,199.356,194.0365,199.5774043554018,0.0091722966355342,0.0048153296266877,21.9,,,,,,False,0.362945,-4.238578309550554,Down,0.05,Avoid,285.6180163339345,261.9188581204865,240.18613783429228,2025-05-11,-5.465599,-2.643305465858793,-4.606830402734274,-4.238578309550554
2025-05-12,321.99,322.21,311.5,318.38,112080759,TSLA,0.0674579226178502,0.1526319600318586,287.521,270.557,280.67772419152925,0.032626542013833,213.18,213.2,210.39,212.47,4783653.0,0.049701101724223,0.0672057863277915,200.836,195.174,200.07254562287432,0.0174558461901924,0.049701101724223,18.39,,,,,,False,0.3245894736842105,-2.5502161991568344,Down,0.1,Avoid,310.26062166512446,294.6377695790183,279.80159002001034,2025-05-13,-3.0269964,-1.4383105762039925,-3.185341647136261,-2.5502161991568344
2025-05-13,320.0,337.59,316.8,334.07,135287018,TSLA,0.0492807337144292,0.1729162277929921,291.725,274.643,282.8469235491734,0.0347078353934067,213.77,216.18,213.07,215.28,5716497.0,0.0132253965265685,0.0687053216838762,202.457,196.4245,200.6543767914717,0.0175520180895276,0.0132253965265685,18.22,,,,,,False,0.3210625,-3.831061220977777,Down,0.1,Avoid,321.2715737790796,297.1268836801134,274.796752065478,2025-05-14,-3.5202792,-2.8117909979065527,-5.161113495944137,-3.831061220977777
2025-05-02,399.96,402.0,393.11,399.92,11377680,UNH,-0.0018967754816811,-0.0227500427632383,416.463,487.4815,490.1708110963722,0.0214286653814485,138.79,139.01,137.55,138.53,9777008.0,0.0138319672131148,-0.0053848363009764,137.232,136.679,140.8214167831101,0.0149378038714295,0.0138319672131148,,15.0,2.0,0.05,1.0,0.1,False,0.8481666666666667,-0.2411449417427347,Down,0.2,Avoid,398.9556131489825,397.0338105492829,395.1212654336504,2025-05-04,,,,
2025-05-05,399.12,406.4299,397.59,405.805,2638318,UNH,0.0147154430886176,-0.0136958001166633,414.5105,481.51925,487.0875287516421,0.0135875800946243,138.25,138.635,137.61,138.48,1527846.0,-0.0003609326499676,-0.0141667259913149,137.82299999999998,136.839,140.73103901065764,0.012474727772597,-0.0003609326499676,,15.0,2.0,0.05,1.0,0.1,False,0.37665,0.7551845773976306,Up,0.95,Buy,408.8695767743084,415.068334730373,421.3610703320746,2025-05-05,,,,
2025-05-06,402.8,404.7201,393.42,394.45,6960865,UNH,-0.0255922531558014,-0.0155485674353599,411.138,474.957,483.4837016045415,0.014247035323157,,,,,,,,,,,,,24.76,,,,,,False,0.5075000000000001,0.3298954871639948,Up,0.8,Buy,395.7512727491184,398.366710929466,400.9994339989504,2025-05-06,-0.7498612,2.526538329569787,-0.7869906872954843,0.3298954871639948
2025-05-06,402.8,404.72,393.42,394.51,7795482,UNH,-0.0254440354734319,-0.0153988220025956,411.144,474.96,483.5679187662412,0.0142265858600901,137.13,137.19,133.97,134.33,11611704.0,-0.0275807152164468,-0.0169057377049178,137.716,136.815,140.48378602020006,0.0149503890564598,-0.0275807152164468,24.76,,,,,,False,0.5075000000000001,-0.2591969568150485,Down,0.2,Avoid,393.487442085669,391.4502707041365,389.423646208715,2025-05-07,-0.44394445,-0.6027475106183114,0.2691010943662813,-0.2591969568150485
2025-05-08,390.0,390.92,385.37,385.55,7167495,UNH,-0.0140899094768065,-0.0475778760406115,403.584,457.2115,476.3102516053501,0.0139123782355519,134.41,135.33,133.69,134.14,10552507.0,-0.0090130023640664,-0.0289561314608368,137.35399999999998,136.703,140.03527600702978,0.0146317585934014,-0.0090130023640664,22.48,,,,,,False,0.0188,-2.101256850969956,Down,0.55,Avoid,377.44860421108535,361.75292904200586,346.70993669189755,2025-05-09,-2.408297,-2.118882625861168,-1.7765908651285327,-2.101256850969956
2025-05-09,385.67,386.55,378.54,380.64,8135275,UNH,-0.0127350538192193,-0.0351575371980431,399.784,446.5235,472.4781529179656,0.0138984422506274,134.31,134.77,132.62,132.68,7581138.0,-0.0108841508871326,-0.0122831832055386,136.817,136.5925,139.73104230231826,0.0146272385612383,-0.0108841508871326,21.9,,,,,,False,0.5171571428571429,-2.298881697416501,Down,0.4,Avoid,371.8895367069538,354.9874740233403,338.8535956922377,2025-05-11,-2.3686452,-2.3297796181523838,-2.198220282904493,-2.298881697416501
2025-05-12,381.0,387.21,376.84,378.75,10945030,UNH,-0.0049653215636822,-0.0314785454917404,395.659,435.4875,468.63521602363664,0.0132987585339443,132.88,136.13,132.64,135.96,15209479.0,0.0247211335544166,0.0044326241134751,136.553,136.547,139.56194387401547,0.0171206745015947,0.0247211335544166,18.39,,,,,,False,0.1351428571428571,1.0050117734395951,Up,0.9,Buy,382.55648209190247,390.28459752845527,398.16883048228055,2025-05-13,1.3428816,0.1506388009957307,1.5215149589974322,1.0050117734395951
2025-05-13,335.74,342.0,309.1,311.38,58359627,UNH,-0.1778745874587458,-0.1923745298923616,385.874,421.7035,462.4610750113785,0.0549234144071559,133.94,133.94,131.83,131.87,17770122.0,-0.0300823771697558,-0.016922618160131,135.81199999999998,136.2135,139.23912178541923,0.0190652156753464,-0.0300823771697558,18.22,,,,,,False,-0.0790192307692307,0.9191317557686768,Up,0.95,Buy,314.2419924611125,320.0451356100454,325.9554460733886,2025-05-14,-0.19039449,1.5624151456093398,1.3853746126539508,0.9191317557686768
2025-05-02,347.22,350.09,346.12,347.6,6106391,V,0.0150386917798219,0.0178027641133755,337.12299999999993,331.366,336.2799845512481,0.0166905808316077,49.49,49.94,49.33,49.76,35019493.0,0.0207179487179487,0.0223957263201148,48.091,47.0265,48.45439219224128,0.0147535147413896,0.0207179487179487,,15.0,2.0,0.05,1.0,0.1,False,0.9963,0.0699835921918266,Up,0.65,Buy,347.84326296645884,348.33029975100663,348.8180184657649,2025-05-04,,,,
2025-05-05,347.0,350.84,346.25,350.13,997148,V,0.007278481012658,0.0134008683068016,340.126,333.216,336.9302465383888,0.0115617763308481,49.34,49.7297,49.1,49.685,7198887.0,-0.001507234726688,0.0189704675963906,48.4945,47.30075,48.52421280452226,0.0115474261288937,-0.001507234726688,,15.0,2.0,0.05,1.0,0.1,,,-0.0584666984415455,Down,0.4,Avoid,349.9252905487466,349.5162306368355,349.10764891274346,2025-05-05,,,,
2025-05-06,346.4,349.65,345.7579,347.62,2564787,V,-0.0029256539697107,0.0150970944663455,341.599,334.9065,337.2811652961955,0.0075394402095252,,,,,,,,,,,,,24.76,,,,,,False,0.2877333333333333,0.1496832682502924,Up,0.55,Buy,348.14032897709166,349.1833246333319,350.2294450063844,2025-05-06,-1.2726034,1.6668596227596435,0.0547935745922467,0.1496832682502924
2025-05-06,346.4,349.65,345.76,347.7,3421409,V,-0.002696190913263,0.0153307052124398,341.607,334.9105,337.30065959129854,0.0075135675752192,49.0,49.56,48.97,49.16,28699207.0,-0.005663430420712,0.0084102564102563,48.67,47.542,48.53731777246861,0.0090334365169026,-0.005663430420712,24.76,,,,,,False,0.2877333333333333,1.6913985061772747,Up,1.0,Buy,353.5809926059784,365.6430733325576,378.11664052050514,2025-05-07,2.0518422,1.231117905912611,1.791235399942211,1.6913985061772747
2025-05-08,352.0,355.33,350.95,351.27,4147499,V,0.0040588823781619,0.007543597980725,344.721,337.9315,338.3444644214296,0.0074152148494071,49.84,50.37,49.72,49.84,31108841.0,0.00788675429727,0.0080906148867314,49.002,47.949,48.62810567318717,0.0084052073525133,0.00788675429727,22.48,,,,,,False,0.0772,-0.5896387038200598,Down,0.95,Avoid,349.19877612509123,345.0928945770737,341.03529001179203,2025-05-09,-1.2826573,-0.0596095500216018,-0.4266492957754305,-0.5896387038200598
2025-05-09,351.83,353.8,350.67,352.54,3086734,V,0.0036154525009253,0.013920046016681,346.458,339.328,338.89264897129266,0.0071096303710061,49.96,50.03,49.72,49.85,22011638.0,-0.0002005615724026,0.0140358014646053,49.187,48.147000000000006,48.67563784339369,0.0080596319829401,-0.0002005615724026,21.9,,,,,,False,0.4587,-1.1128233390649227,Down,0.85,Avoid,348.6168526004605,340.90104506797184,333.3560086426007,2025-05-11,-1.1341598,-0.3429167824566621,-1.861393431347603,-1.1128233390649227
2025-05-12,359.14,361.89,351.13,355.85,7959973,V,0.0093890055029217,0.0171502072316707,348.29200000000003,340.45050000000003,339.54549426575784,0.0072207628167848,51.11,51.2,50.55,50.87,44274103.0,0.0202567188126754,0.0287158746208289,49.458000000000006,48.3575,48.761268547869406,0.0095696488505193,0.0202567188126754,18.39,,,,,,False,0.9118,0.7891069849774605,Up,0.8,Buy,358.65803720604225,364.34076172494986,370.11352565356736,2025-05-13,0.6393971,0.8068627567377424,0.9210611134816566,0.7891069849774605
2025-05-13,355.52,358.87,354.58,356.14,5396786,V,0.0008149501194323,0.0138639792752013,349.754,341.4985,340.20724290949755,0.0069478327768367,51.0,51.32,50.91,51.08,33527023.0,0.0041281698447022,0.0244685118331327,49.699,48.554,48.85401664196222,0.0094191414519341,0.0041281698447022,18.22,,,,,,False,0.9179,0.2322835925328244,Up,0.75,Buy,356.9672547864464,358.6275335542596,360.2955343905537,2025-05-14,0.21045077,0.1457028382165411,0.3406971709111679,0.2322835925328244
2025-05-02,97.95,99.22,97.85,98.75,15956825,WMT,0.0137562878554564,0.0282174094127445,95.779,92.636,92.4045501730896,0.0106110827835205,200.45,202.58,199.14,201.43,3724511.0,0.0155281068817747,0.0118551263374693,194.242,190.2075,199.36474627798648,0.0170701419772192,0.0155281068817747,,15.0,2.0,0.05,1.0,0.1,False,0.0,0.0411776199890826,Up,0.5,Buy,98.79066289973922,98.8720389381554,98.95348200780144,2025-05-04,,,,
2025-05-05,98.94,99.535,98.53,99.53,3062180,WMT,0.0078987341772152,0.0234447300771207,96.491,93.453,92.68215748094828,0.0093054414859763,199.81,200.0,198.62,199.76,582217.0,-0.0082907213424019,0.0126736287133732,196.173,191.056,199.42951896685148,0.0134706119917372,-0.0082907213424019,,15.0,2.0,0.05,1.0,0.1,False,0.321,0.6399302437064989,Up,0.9,Buy,100.16692257156107,101.45302137783835,102.75563312169068,2025-05-05,,,,
2025-05-06,98.74,99.47,98.4128,98.51,8341955,WMT,-0.0082553105808919,0.0112924751052254,96.837,94.177,92.9062775108313,0.0077262917122483,,,,,,,,,,,,,24.76,,,,,,,,0.3112089541018406,Up,0.75,Buy,98.81657194068572,99.432581029228,100.05243023476396,2025-05-06,-0.28005517,1.2636178190341192,-0.0499357914377647,0.3112089541018406
2025-05-06,98.74,99.47,98.41,98.55,10464950,WMT,-0.0078526125037753,0.0117031105635971,96.841,94.179,92.9155900510345,0.0076571005139065,196.86,199.0,196.68,197.55,2405829.0,-0.0087309950323648,-0.0040332745147465,197.265,191.8785,199.38231131382267,0.0126907340531492,-0.0087309950323648,24.76,,,,,,,,0.435878756158596,Up,0.6,Buy,98.9795585141943,99.8443007667035,100.71659790402428,2025-05-07,1.0955725,0.0510235838493882,0.1610402130077474,0.435878756158596
2025-05-08,98.75,99.33,97.36,97.43,14394892,WMT,-0.0141657391480318,-0.0191281586630422,97.39,95.4225,93.31076070221935,0.0092162448979728,201.01,203.52,199.73,201.42,3231822.0,0.0117032497865285,0.0106879421947914,198.873,193.31,199.48415661165583,0.0104025890417406,0.0117032497865285,22.48,,,,,,False,0.4078199999999999,-3.0468089601534447,Down,0.3,Avoid,94.46149403012252,88.79306053058373,83.46477767833883,2025-05-09,-3.1316485,-3.187441443605735,-2.8213368963577725,-3.0468089601534447
2025-05-09,96.75,97.2,96.29,96.72,13673340,WMT,-0.0072872831776661,-0.0185692541856925,97.553,95.728,93.45037817658992,0.0091559028354432,201.96,203.92,201.43,202.41,2579955.0,0.0048153296266877,0.0246013667425968,199.356,194.0365,199.5774043554018,0.0091722966355342,0.0048153296266877,21.9,,,,,,False,0.1254,-2.4765743427667792,Down,0.3,Avoid,94.32465729567598,89.71047005113898,85.32200028640062,2025-05-11,-3.4052484,-1.7900174971272151,-2.2344571276239287,-2.4765743427667792
2025-05-12,97.67,97.97,95.62,96.75,26645112,WMT,0.0003101736972703,-0.0210462410199332,97.706,95.9255,93.5755080568758,0.0091667646524909,213.18,213.2,210.39,212.47,4783653.0,0.049701101724223,0.0672057863277915,200.836,195.174,200.07254562287432,0.0174558461901924,0.049701101724223,18.39,,,,,,False,0.4523818181818182,1.3095430291277042,Up,0.95,Buy,98.01698288068106,100.60094097529311,103.253018279847,2025-05-13,2.1260765,1.060579115326288,0.7419735121721808,1.3095430291277042
2025-05-13,96.5,97.32,95.23,95.88,19553479,WMT,-0.0089922480620155,-0.0159088576413837,97.69,95.983,93.66414186054614,0.0093658682346097,213.77,216.18,213.07,215.28,5716497.0,0.0132253965265685,0.0687053216838762,202.457,196.4245,200.6543767914717,0.0175520180895276,0.0132253965265685,18.22,,,,,,False,0.34216,0.0150154524077437,Up,0.65,Buy,95.89439681576852,95.92319693287128,95.9520056995591,2025-05-14,-0.019674178,0.5844901168976218,-0.5197695814615095,0.0150154524077437
2025-05-02,107.72,109.0,104.55,106.21,16171097,XOM,0.0040650406504063,-0.0198412698412698,107.283,105.3675,108.91887777965704,0.014406604804526,81.78,82.39,80.32,81.98,16015708.0,0.0146039603960397,-0.0090656351988396,81.59100000000001,80.3505,85.12732990622567,0.0169968518791335,0.0146039603960397,,15.0,2.0,0.05,1.0,0.1,False,0.2929555555555556,-0.0286617481515301,Down,0.35,Avoid,106.17955835728826,106.11870124468491,106.05787901250687,2025-05-04,,,,
2025-05-05,104.65,104.6575,103.075,103.4001,4206268,XOM,-0.0264560775821485,-0.0211104799772792,107.08800999999998,105.320505,108.71794294713564,0.0160724590001779,80.95,81.01,80.05,80.715,5796821.0,-0.0154305928275189,0.0026708074534163,81.7255,80.44825,84.98003448267758,0.0153777402435848,-0.0154305928275189,,15.0,2.0,0.05,1.0,0.1,False,0.41006,0.0179571566126693,Up,0.5,Buy,103.41866771789466,103.45581315698529,103.49297193780303,2025-05-05,,,,
2025-05-06,103.89,105.98,103.48,104.71,12833325,XOM,0.0139440302120654,-0.0101153337114767,106.716,105.4025,108.55700564072268,0.0138432192792305,,,,,,,,,,,,,24.76,,,,,,False,0.6313666666666666,0.1871864800423053,Up,0.65,Buy,104.90600296325228,105.29911024967038,105.69369060087288,2025-05-06,-0.7234845,1.7085781492753265,-0.4235341930046116,0.1871864800423053
2025-05-06,103.89,105.98,103.48,104.71,16131759,XOM,0.0139440302120654,-0.0101153337114767,106.71599999999998,105.4025,108.5566895626512,0.0138432192792305,80.86,81.22,80.07,80.52,11497731.0,0.0002484472049688,-0.0034653465346534,81.617,80.551,84.7986650585816,0.0132938119244804,0.0002484472049688,24.76,,,,,,False,0.6313666666666666,0.3241868175730874,Up,0.5,Buy,105.04945601668078,105.731673032599,106.41832053368545,2025-05-07,0.19455227,0.6811981442046836,0.0968100359563663,0.3241868175730874
2025-05-08,105.34,107.39,105.34,106.07,19028313,XOM,0.0139566007073892,0.027113392079016,106.184,105.608,108.30561075521486,0.0139994226885696,81.29,82.72,81.2,81.62,15239815.0,0.0132836747361888,0.0139130434782608,81.45599999999999,80.71950000000001,84.51795490339829,0.0129384843202555,0.0132836747361888,22.48,,,,,,False,0.3761,-2.307669322648158,Down,0.5,Avoid,103.6222551494671,98.89491951264472,94.38324895849148,2025-05-09,-2.0008485,-2.6371053899589234,-2.285054046262528,-2.307669322648158
2025-05-09,107.14,107.75,106.38,107.31,10992080,XOM,0.0116903931366079,0.0248304841944417,106.058,105.977,108.2656561476278,0.014686992484371,82.6,82.84,81.76,82.43,9957219.0,0.0100477882612426,0.0237208147044214,81.459,80.9915,84.43190150512622,0.0133822006110099,0.0100477882612426,21.9,,,,,,False,0.654625,-1.94904747870866,Down,0.5,Avoid,105.21847715059774,101.15693124709443,97.25216536524698,2025-05-11,-2.6370337,-1.673518899838281,-1.5365898353447065,-1.94904747870866
2025-05-12,110.27,110.44,108.32,109.16,14113872,XOM,0.0172397726213773,0.0434948857661792,106.111,106.278,108.30204079932167,0.0157976569838405,85.48,85.87,83.96,84.58,16305028.0,0.026082736867645,0.0500310366232155,81.62,81.276,84.44609620395035,0.015639320783591,0.026082736867645,18.39,,,,,,False,0.6592666666666666,0.6001661061834658,Up,0.65,Buy,109.81514132150988,111.1372433711557,112.47526265961434,2025-05-13,0.97007984,0.4221377705470662,0.4082807087737475,0.6001661061834658
2025-05-13,109.32,110.51,109.02,109.46,13281536,XOM,0.0027482594356906,0.0319600263976618,106.221,106.5815,108.3375735243192,0.01577074853497,85.0,86.45,84.66,85.77,14282531.0,0.0140695199810829,0.0509741453253278,81.924,81.60600000000001,84.49690772662353,0.015962119516975,0.0140695199810829,18.22,,,,,,False,0.8565,0.0961567010976104,Up,0.7,Buy,109.56525312502144,109.77606309618103,109.98727867808554,2025-05-14,0.386694,0.1716978134792256,-0.2699217242588124,0.0961567010976104
